{
  "title": "SaveMii Mod - WUT Port",
  "author": "DaThinkingChair",
  "category": "tool",
  "version": "1.5.8",
  "url": "https://github.com/Xpl0itU/savemii",
  "license": "GPLv3",
  "description": "WiiU/vWii Save Manager",
  "details": "Notice: This is an updated fork of the SaveMii tool, with a complete change in code. If you are searching for the original tool or it's modification, locate the tools credited to Ryuzaki_MrL (or GabyPCgeeK).\\n\\nThis homebrew allows you to backup your Wii U and vWii savegames to the SD card and also restore them. Can also copy saves from NAND<->USB if title is installed to both. Up to 256 backups can be made per title. Backups are stored in sd:/wiiu/backups.",
  "changelog": "1.5.8\\n\\nAdded Portuguese language\\nFixed German not showing in the options menu\\n\\n1.5.7\\n\\nFixed uninitialized titles not showing up on the Title List\\nPreviously, when restoring to an uninitialized title, it would either fail or not be able to delete it from system settings after restoring, that has been fixed (thanks to @GabyPCgeeK for telling me how to fix it)\\nAdded German translation (thanks to @Kugane)\\n\\n1.5.6\\n\\nCompletely rewrote SaveMii to make it easy to add new functions in the future and to make a more readable code\\nFixed the screen not redrawing the whole time when copying files\\n\\n1.5.5\\n\\nFixed hang when copying files\\n\\n1.5.4\\n\\nSwitched to libschrift for font rendering instead of freetype, saving some memory and storage, and hopefully speeding up rendering\\nCode for rendering to screen has been rewritten\\n\\n1.5.3\\n\\nReintroduced fatfs, with improved performance and no corruptions\\nThe progress indicator is back too\\n\\n1.5.2\\n\\nCompatibility with games is 100% now, which means that if you restore a game, it will work, unlike previous versions\\nRemoved fatfs driver, it needs more work\\n\\n1.5.1\\n\\nFlush the drives after every operation, this should solve caching issues\\nApply correct permissions when creating folders\\nFixed vWii when there is no FTP plugin running\\n\\n1.4.9\\n\\nAdded a config menu for changing the language (settings don't persist between sessions)\\nFixed font for Chinese and Korean languages\\n\\n1.4.8\\n\\nAdded translations for Simplifed and Traditional Chinese and Japanese\\nFixed USB games detection with a uStealth drive and a console formatted drive connected at the same time\\n\\n1.4.7\\n\\nAdded Korean to the translations\\nReworked the Date and Input codes\\nRefactored a lot of old code\\nWhen doing a batch backup, the saves will default to slot 0\\n\\n1.4.6\\n\\nAdded support for Italian language\\n\\n1.4.5\\n\\nAdded support for Spanish and Russian language, with more languages to come in the future, the language will be set in function of the console's language\\nReworked input code\\nOptimized some code\\n\\n1.4.4\\n\\nUse libmocha instead of libiosuhax\\nUse unlocked FSClient instead of mounting each drive\\nRemoved CBHC/Haxchi support, an updated MochaPayload is required, so only Tiramisu/Aroma for now\\n\\n1.4.2\\n\\nFixed loadiine import and export (broken by original SaveMii Mod)\\nImproved loading speeds by using a custom WUT and changing the title sorting algorithm\\nModified the title sort UI so it looks better\\nAdded support for Haxchi/CBHC\\n\\n1.4.1\\n\\nNo more &apost;, names are displayed correctly\\nUses dlmalloc, which makes everything so much faster (can be felt in the loading screen)\\nOther misc. changes\\n\\n1.4.0\\n\\nFix displaying files with long names when copying (this fixes copying mk8 for example)\\nWhile trying to fix the above bug, I ported some code to std::string, so, uh, there's that\\n\\n1.3.9\\n\\nSaveMii will now show the dates of the backups (only for the new backups)\\nUsing libfat, which improves speeds on games like BOTW\\n\\n1.3.8\\n\\nLists game demos and VC injections\\nImproved controls a lot (it is now usable)\\nFixed copying from/to mlc\\nOther misc. changes\\n\\n1.3.7\\n\\nFix copying from mlc (thanks V10lator)\\nFix not being able to exit certain menus\\n\\n1.3.6\\n\\nFix restoring and backing up savedata to some titles\\nFix confirm prompts not being able to be exited\\n\\n1.3.5\\n\\nNow uses freetype, which means it uses the system font\\n\\n1.3.4\\n\\nFixed restoring\\nFixed wiping\\nFixed vWii cursor overlapping\\nFixed prompts not reading correctly the input\\n\\n1.3.3\\n\\nAdded Wiimote/Wii U Pro Controller/Wii Classic Controller support\\nFixed Batch Backup"
}