<?xml version="1.0" encoding="UTF-8" standalone="yes"?>
	<app version="1">
		<name>WiiFlow WFL</name>
		<coder>Fledge68</coder>
		<version>5.5.3</version>
		<release_date>20220323000000</release_date>
		<!--   // remove this line to enable arguments
		<arguments>
			<arg>ios=249</arg>
			<arg>waitdir=sd:/apps/wiiflow/wait_imgs</arg>
			<arg>waitloop</arg>
			<arg>noflash</arg>
		</arguments>
		// remove this line to enable arguments -->
		<short_description>USB Loader app</short_description>
		<long_description>WiiFlow is a app for loading backup games from a USB Device or SD card.
    It displays your games in a coverflow with 3D full box covers.
    
    Key features:
    * Emulated NAND support
    * Plugin system for emu apps
    * Devolution support
    * Nintendont support
    * Neek2o support
		</long_description>
		<no_ios_reload/>
	</app>