<?xml version="1.0" encoding="UTF-8" standalone="yes"?>
<app version="1">
	<name>Kidspaint</name>
	<version>2.0.2</version>
	<release_date>20110830</release_date>
	<coder>Uffe Flarup</coder>
	<short_description>Painting program for kids</short_description>
	<long_description>Up to four persons can paint simultaneously!

This painting program can be run in 3 different modes, so there are suitable painting modes
for kids of all ages.

Powered by HBC, devkitPro, GRRLIB and LIBFAT.
</long_description>
</app>
