<?xml version="1.0" encoding="UTF-8" standalone="yes"?>
<app version="1">
  <name>Bloopair Pairing Menu</name>
  <coder>GaryOderNichts</coder>
  <version>v0.6.2</version>
  <release_date>20230206120000</release_date>
  <short_description>DS3 Pairing Menu for Bloopair</short_description> 
  <long_description>
Pairs DualShock 3 controllers using USB to the console.
Requires Bloopair to be running.
  </long_description> 
  <url>https://github.com/GaryOderNichts/Bloopair</url>
  <category>tool</category>
</app>
